method,cv_f1_macro_mean,cv_f1_macro_std,cv_f1_weighted_mean,cv_f1_weighted_std
Regex,0.7064954336612468,0.013557708245921347,,
TF-IDF + LogReg,0.9625790351962855,0.004331267226786564,0.9923347201795792,0.0008421734084208337
TF-IDF + LinearSVC,0.9758332088801499,0.009492210537050481,0.9953577408679539,0.0011502645510653242
TF-IDF + RandomForest,0.9563710318191596,0.008706805390228153,0.9938464160149346,0.0007463683929612402
