method,cv_f1_macro_mean,cv_f1_macro_std,cv_f1_weighted_mean,cv_f1_weighted_std
Regex,0.6345189350302095,0.010165630787635023,,
TF-IDF + LogReg,0.9522563333421855,0.007851248102069726,0.989647505029089,0.001398868919470952
TF-IDF + LinearSVC,0.9635566245931327,0.007821681504464916,0.9928105037579662,0.0012613033113529062
TF-IDF + RandomForest,0.9476567441601913,0.007837294854644425,0.9901778224301131,0.0011868433324454758
